<?xml version="1.0"?>
<!--
/**
* Copyright 2016 aheadWorks. All rights reserved.
* See LICENSE.txt for license details.
*/
-->

<config xmlns:xsi="http://www.w3.org/2001/XMLSchema-instance"
        xsi:noNamespaceSchemaLocation="urn:magento:module:Magento_Customer:etc/sections.xsd">
    <action name="aw_store_credit/cart/remove">
        <section name="cart"/>
    </action>
    <action name="rest/*/V1/carts/*/apply-aw-store-credit">
        <section name="cart"/>
    </action>
    <action name="rest/*/V1/carts/*/remove-aw-store-credit">
        <section name="cart"/>
    </action>
</config>