<?xml version="1.0" encoding="UTF-8"?>
<!--
/**
* Copyright 2016 aheadWorks. All rights reserved.
* See LICENSE.txt for license details.
*/
-->

<config xmlns:xsi="http://www.w3.org/2001/XMLSchema-instance" xsi:noNamespaceSchemaLocation="urn:magento:module:Magento_Config:etc/system_file.xsd">
    <system>
        <tab id="aheadworks" translate="label" sortOrder="300">
            <label>Aheadworks Extensions</label>
        </tab>
        <section id="aw_storecredit" translate="label" type="text" sortOrder="110" showInDefault="1" showInWebsite="1" showInStore="1">
            <label>Store Credit &amp; Refund</label>
            <tab>aheadworks</tab>
            <resource>Aheadworks_StoreCredit::config_aw_storecredit</resource>
            <group id="general" translate="label" type="text" sortOrder="10" showInDefault="1" showInWebsite="1" showInStore="1">
                <label>General</label>
                <field id="is_storecredit_refund_automatically" translate="label" type="select" sortOrder="10" showInDefault="1" showInWebsite="0" showInStore="0">
                    <label>Refund to Store Credit Automatically</label>
                    <source_model>Magento\Config\Model\Config\Source\Yesno</source_model>
                </field>
                <field id="is_applying_storecredit_on_tax" translate="label" type="select" sortOrder="10" showInDefault="1" showInWebsite="0" showInStore="0">
                    <label>Allow applying Store Credit on Tax</label>
                    <source_model>Magento\Config\Model\Config\Source\Yesno</source_model>
                </field>
                <field id="is_applying_storecredit_on_shipping" translate="label" type="select" sortOrder="10" showInDefault="1" showInWebsite="0" showInStore="0">
                    <label>Allow applying Store Credit on Shipping</label>
                    <source_model>Magento\Config\Model\Config\Source\Yesno</source_model>
                </field>
            </group>
            <group id="frontend" translate="label" type="text" sortOrder="20" showInDefault="1" showInWebsite="1" showInStore="1">
                <label>Storefront</label>
                <field id="is_storecredit_balance_top_link" translate="label" type="select" sortOrder="10" showInDefault="1" showInWebsite="1" showInStore="0">
                    <label>Store Credit Balance in Top Link</label>
                    <source_model>Magento\Config\Model\Config\Source\Yesno</source_model>
                </field>
                <field id="is_hide_if_storecredit_balance_empty" translate="label" type="select" sortOrder="20" showInDefault="1" showInWebsite="1" showInStore="0">
                    <label>Hide the top-link if Store Credit balance is empty</label>
                    <source_model>Magento\Config\Model\Config\Source\Yesno</source_model>
                </field>
                <field id="is_display_prices_by_storecredit" translate="label" type="select" sortOrder="30" showInDefault="1" showInWebsite="1" showInStore="0">
                    <label>Display prices discounted by available Store Credit</label>
                    <source_model>Magento\Config\Model\Config\Source\Yesno</source_model>
                </field>
            </group>
            <group id="notifications" translate="label" type="text" sortOrder="30" showInDefault="1" showInWebsite="1" showInStore="1">
                <label>Email Notifications</label>
                <field id="is_subscribe_customers_to_notifications_by_default" translate="label" type="select" sortOrder="10" showInDefault="1" showInWebsite="1" showInStore="0">
                    <label>Subscribe Customers to Store Credit Notifications by Default</label>
                    <source_model>Magento\Config\Model\Config\Source\Yesno</source_model>
                </field>
                <field id="email_sender" translate="label" type="select" sortOrder="20" showInDefault="1" showInWebsite="1" showInStore="0">
                    <label>Sender</label>
                    <source_model>Magento\Config\Model\Config\Source\Email\Identity</source_model>
                </field>
                <field id="balance_update_template" translate="label" type="select" sortOrder="30" showInDefault="1" showInWebsite="1" showInStore="1">
                    <label>Balance Update Template</label>
                    <source_model>Magento\Config\Model\Config\Source\Email\Template</source_model>
                </field>
                <field id="balance_update_actions" translate="label" type="multiselect" sortOrder="40" showInDefault="1" showInWebsite="1" showInStore="1">
                    <label>Store Credit Balance Notifications Sent When</label>
                    <source_model>Aheadworks\StoreCredit\Model\Source\BalanceUpdateActions</source_model>
                    <can_be_empty>1</can_be_empty>
                </field>
            </group>
        </section>
        <section id="sales">
            <group id="totals_sort">
                <field id="aw_store_credit" translate="label" type="text" sortOrder="20" showInDefault="1" showInWebsite="1" showInStore="0" canRestore="1">
                    <label>AW Store Credit &amp; Refund</label>
                </field>
            </group>
        </section>
    </system>
</config>