<?xml version="1.0" encoding="UTF-8"?>
<!--
/**
* Copyright 2016 aheadWorks. All rights reserved.
* See LICENSE.txt for license details.
*/
-->

<config xmlns:xsi="http://www.w3.org/2001/XMLSchema-instance" xsi:noNamespaceSchemaLocation="urn:magento:framework:Event/etc/events.xsd">
    <event name="payment_cart_collect_items_and_amounts">
        <observer name="store_credit_cart_amount" instance="Aheadworks\StoreCredit\Observer\AddPaymentStoreCreditCardItem" />
    </event>
    <event name="sales_order_creditmemo_refund">
        <observer name="store_credit_refund_amount" instance="Aheadworks\StoreCredit\Observer\Refund" />
    </event>
    <event name="sales_order_invoice_register">
        <observer name="store_credit_invoice_register" instance="Aheadworks\StoreCredit\Observer\IncreaseOrderStoreCreditInvoicedAmount" />
    </event>
    <event name="sales_model_service_quote_submit_before">
        <observer name="store_credit_reedem" instance="Aheadworks\StoreCredit\Observer\RedeemForOrder" />
    </event>
    <event name="adminhtml_sales_order_creditmemo_register_before">
        <observer name="store_credit_creditmemo_register" instance="Aheadworks\StoreCredit\Observer\SetRefundToStoreCredit"/>
    </event>
    <event name="adminhtml_sales_order_create_process_data">
        <observer name="store_credit_order_create_process_data" instance="Aheadworks\StoreCredit\Observer\ProcessOrderCreate" />
    </event>
    <event name="sales_order_load_after">
        <observer name="store_credit_sales_order_load_after" instance="Aheadworks\StoreCredit\Observer\SalesOrderLoadAfter"/>
    </event>
</config>