<?xml version="1.0" encoding="UTF-8"?>
<!--
/**
* Copyright 2016 aheadWorks. All rights reserved.
* See LICENSE.txt for license details.
*/
-->

<config xmlns:xsi="http://www.w3.org/2001/XMLSchema-instance" xsi:noNamespaceSchemaLocation="urn:magento:framework:DataObject/etc/fieldset.xsd">
    <scope id="global">
        <fieldset id="sales_convert_quote">
            <field name="store_credit_amount">
                <aspect name="to_order" />
            </field>
            <field name="base_store_credit_amount">
                <aspect name="to_order" />
            </field>
        </fieldset>
    </scope>
</config>
