<?xml version="1.0"?>
<!--
/**
* Copyright 2016 aheadWorks. All rights reserved.
* See LICENSE.txt for license details.
*/
-->

<config xmlns:xsi="http://www.w3.org/2001/XMLSchema-instance" xsi:noNamespaceSchemaLocation="urn:magento:framework:Module/etc/module.xsd">
    <module name="Aheadworks_StoreCredit" setup_version="1.1.2">
        <sequence>
            <module name="Magento_Backend"/>
            <module name="Magento_Store"/>
            <module name="Magento_Config"/>
            <module name="Magento_Customer"/>
            <module name="Magento_Sales"/>
            <module name="Magento_Quote"/>
            <module name="Magento_Checkout"/>
            <module name="Magento_Ui"/>
            <module name="Magento_Newsletter"/>
        </sequence>
    </module>
</config>

