<?xml version="1.0"?>
<!--
/**
* Copyright 2016 aheadWorks. All rights reserved.
* See LICENSE.txt for license details.
*/
-->

<config xmlns:xsi="http://www.w3.org/2001/XMLSchema-instance" xsi:noNamespaceSchemaLocation="urn:magento:module:Magento_Sales:etc/sales.xsd">
    <section name="quote">
        <group name="totals">
            <item name="aw_store_credit" instance="Aheadworks\StoreCredit\Model\Total\Quote\StoreCredit" sort_order="1100"/>
        </group>
    </section>
    <section name="order_invoice">
        <group name="totals">
            <item name="aw_store_credit" instance="Aheadworks\StoreCredit\Model\Total\Invoice\StoreCredit" sort_order="1100"/>
        </group>
    </section>
    <section name="order_creditmemo">
        <group name="totals">
            <item name="aw_store_credit" instance="Aheadworks\StoreCredit\Model\Total\Creditmemo\StoreCredit" sort_order="1100"/>
        </group>
    </section>
</config>
