<?xml version="1.0"?>
<!--
/**
* Mageplaza
*
* NOTICE OF LICENSE
*
* This source file is subject to the Mageplaza.com license that is
* available through the world-wide-web at this URL:
* https://www.mageplaza.com/LICENSE.txt
*
* DISCLAIMER
*
* Do not edit or add to this file if you wish to upgrade this extension to newer
* version in the future.
*
* @category    Mageplaza
* @package     Mageplaza_GoogleTagManager
* @copyright   Copyright (c) 2017 Mageplaza (http://www.mageplaza.com/)
* @license     https://www.mageplaza.com/LICENSE.txt
*/
-->
<config xmlns:xsi="http://www.w3.org/2001/XMLSchema-instance"
        xsi:noNamespaceSchemaLocation="urn:magento:module:Magento_Config:etc/system_file.xsd">
    <system>
        <tab id="mageplaza" translate="label" sortOrder="400">
            <label>mageplaza</label>
        </tab>
        <section id="googletagmanager" translate="label" type="text" sortOrder="550" showInDefault="1" showInWebsite="1"
                 showInStore="1">
            <class>separator-top</class>
            <label>Google Tag Manager</label>
            <tab>mageplaza</tab>
            <resource>Mageplaza_GoogleTagManager::googletagmanager</resource>
            <group id="general" translate="label" type="text" sortOrder="1" showInDefault="1" showInWebsite="1"
                   showInStore="1">
                <label>General</label>
                <field id="is_enabled" translate="label comment" type="select" sortOrder="10" showInDefault="1"
                       showInWebsite="1" showInStore="1">
                    <label>Enable</label>
                    <source_model>Magento\Config\Model\Config\Source\Yesno</source_model>
                </field>
                <field id="tag_id"
                       translate="label" type="text" sortOrder="30" showInDefault="1"
                       showInWebsite="1" showInStore="1">
                    <label>Google Tag ID</label>
                    <depends>
                        <field id="is_enabled">1</field>
                    </depends>
                </field>
            </group>
        </section>
    </system>
</config>
