<?xml version="1.0"?>
<!--
/**
* Copyright 2016 aheadWorks. All rights reserved.
* See LICENSE.txt for license details.
*/
-->

<config xmlns:xsi="http://www.w3.org/2001/XMLSchema-instance" xsi:noNamespaceSchemaLocation="urn:magento:framework:Acl/etc/acl.xsd">
    <acl>
        <resources>
            <resource id="Magento_Backend::admin">
                <resource id="Magento_Sales::sales">
                    <resource id="Aheadworks_Rma::home" title="RMA by Aheadworks" sortOrder="100">
                        <resource id="Aheadworks_Rma::manage_rma" title="Manage RMA" sortOrder="10" />
                        <resource id="Aheadworks_Rma::statuses" title="Statuses and Email Templates" sortOrder="20" />
                        <resource id="Aheadworks_Rma::custom_fields" title="Custom Fields" sortOrder="30" />
                    </resource>
                </resource>
                <resource id="Magento_Backend::stores">
                    <resource id="Magento_Backend::stores_settings">
                        <resource id="Magento_Config::config">
                            <resource id="Aheadworks_Rma::config_aw_rma" title="RMA by Aheadworks" />
                        </resource>
                    </resource>
                </resource>
            </resource>
        </resources>
    </acl>
</config>
