<?xml version="1.0"?>
<!--
/**
/**
 * Copyright Â© 2015 Magenest. All rights reserved.
 * See COPYING.txt for license details.
 */
-->
<config xmlns:xsi="http://www.w3.org/2001/XMLSchema-instance" xsi:noNamespaceSchemaLocation="urn:magento:module:Magento_Backend:etc/menu.xsd">
    <menu>
		<add id="Synapse_Carrental::carrental_booking" title="Booking System" module="Synapse_Carrental" sortOrder="60" resource="Synapse_Carrental::carrental_booking"/>
		
		<add id="Synapse_Carrental::suppliers" title="Suppliers" module="Synapse_Carrental" sortOrder="10" parent="Synapse_Carrental::carrental_booking" action="carrental/supplier/index" resource="Synapse_Carrental::suppliers"/>
		<add id="Synapse_Carrental::warehouse" title="Warehouse" module="Synapse_Carrental" sortOrder="20" parent="Synapse_Carrental::suppliers" action="carrental/warehouse/index" resource="Synapse_Carrental::warehouse"/>
        <add id="Synapse_Carrental::ratecode" title="Ratecode" module="Synapse_Carrental" sortOrder="30" parent="Synapse_Carrental::warehouse" action="carrental/ratecode/index" resource="Synapse_Carrental::ratecode"/>
		<add id="Synapse_Carrental::holidays" title="Holidays" module="Synapse_Carrental" sortOrder="40" parent="Synapse_Carrental::ratecode" action="carrental/holidays/index" resource="Synapse_Carrental::holidays"/>
		<add id="Synapse_Carrental::carmodel" title="Carmodels(Passenger Vehicle)" module="Synapse_Carrental" sortOrder="50" parent="Synapse_Carrental::holidays" action="carrental/carmodel/index" resource="Synapse_Carrental::carmodel"/>
		<add id="Synapse_Carrental::vanmodel" title="Carmodels(commercial  Vehicle)" module="Synapse_Carrental" sortOrder="60" parent="Synapse_Carrental::carmodel" action="carrental/vanmodel/index" resource="Synapse_Carrental::carmodel"/>
        
    </menu>
</config>