<?xml version="1.0"?>
<config xmlns:xsi="http://www.w3.org/2001/XMLSchema-instance" xsi:noNamespaceSchemaLocation="urn:magento:framework:Event/etc/events.xsd">
    <event name="synapse_carrental_product_create">
        <observer name="synapse_product_create" instance="Synapse\Carrental\Observer\CreateProduct" />
    </event>
	<event name="synapse_carrental_product_updateAttr">
        <observer name="synapse_carrental_product_updateAttr" instance="Synapse\Carrental\Observer\UpdateProduct" />
    </event>
	<event name="catalog_product_collection_load_after">
        <observer name="synapse_product_updateprice" instance="Synapse\Carrental\Observer\UpdateProductPrice" />
    </event>
	<event name="catalog_product_get_final_price">
        <observer name="synapse_product_updateprice1" instance="Synapse\Carrental\Observer\UpdateProductPrice1" />
    </event>
	<event name="checkout_cart_product_add_after">
        <observer name="synapse_carrental_checkout_cart_product_add_after" instance="Synapse\Carrental\Observer\UpdateProductPrice1"/>
    </event>
</config>