<?xml version="1.0"?>
<config xmlns:xsi="http://www.w3.org/2001/XMLSchema-instance" xsi:noNamespaceSchemaLocation="urn:magento:framework:ObjectManager/etc/config.xsd">
    <preference for="Magento\Customer\Controller\Account\CreatePost"
                type="Synapse\Carrental\Controller\Customer\Account\CreatePost" />
    <type name="Magento\Customer\Controller\Account\LoginPost">
        <plugin name="SynapseCarrental::around" type="Synapse\Carrental\Plugin\Customer\Controller\Account\LoginPost" />
    </type>
     <type name="Magento\Framework\View\Element\UiComponent\DataProvider\CollectionFactory">
        <arguments>
            <argument name="collections" xsi:type="array">
                 <item name="carrental_supplier_listing_data_source" xsi:type="string">Synapse\Carrental\Model\ResourceModel\Supplierinfo\Grid\Collection</item>
            </argument>
        </arguments>
    </type>
    <type name="Synapse\Carrental\Model\ResourceModel\Supplierinfo\Grid\Collection">
    <arguments>
        <argument name="mainTable" xsi:type="string">wais_supplier_info</argument>
        <argument name="eventPrefix" xsi:type="string">synapse_carrental_supplierinfo_grid_collection</argument>
        <argument name="eventObject" xsi:type="string">carrental_supplierinfo_grid_collection</argument>
        <argument name="resourceModel" xsi:type="string">Synapse\Carrental\Model\ResourceModel\Supplierinfo</argument>
    </arguments>
    </type>
    <type name="Magento\Framework\View\Element\UiComponent\DataProvider\CollectionFactory">
        <arguments>
            <argument name="collections" xsi:type="array">
                 <item name="carrental_timings_list_data_source" xsi:type="string">Synapse\Carrental\Model\ResourceModel\Warehousetimings\Grid\Collection</item>
            </argument>
        </arguments>
    </type>
	<type name="Synapse\Carrental\Model\ResourceModel\Warehousetimings\Grid\Collection">
    <arguments>
        <argument name="mainTable" xsi:type="string">magwais_warehouse_timings</argument>
        <argument name="eventPrefix" xsi:type="string">synapse_carrental_grid_collection</argument>
        <argument name="eventObject" xsi:type="string">carrental_grid_collection</argument>
        <argument name="resourceModel" xsi:type="string">Synapse\Carrental\Model\ResourceModel\Warehousetimings</argument>
    </arguments>
	</type>
	
	<type name="Magento\Framework\View\Element\UiComponent\DataProvider\CollectionFactory">
        <arguments>
            <argument name="collections" xsi:type="array">
                 <item name="carrental_vehicle_listing_data_source" xsi:type="string">Synapse\Carrental\Model\ResourceModel\Warehouseexceededtimings\Grid\Collection</item>
            </argument>
        </arguments>
    </type>
	<virtualType name="Synapse\Carrental\Model\ResourceModel\Warehouseexceededtimings\Grid\Collection" type="Magento\Framework\View\Element\UiComponent\DataProvider\SearchResult">
        <arguments>
            <argument name="mainTable" xsi:type="string">magwais_warehouse_exceeded_timings</argument>
            <argument name="resourceModel" xsi:type="string">Synapse\Carrental\Model\ResourceModel\Warehouseexceededtimings</argument>
        </arguments>
    </virtualType>
    <type name="Magento\Framework\View\Element\UiComponent\DataProvider\CollectionFactory">
        <arguments>
            <argument name="collections" xsi:type="array">
                 <item name="carrental_contacts_listing_data_source" xsi:type="string">Synapse\Carrental\Model\ResourceModel\Warehousecontacts\Grid\Collection</item>
            </argument>
        </arguments>
    </type>
	<virtualType name="Synapse\Carrental\Model\ResourceModel\Warehousecontacts\Grid\Collection" type="Magento\Framework\View\Element\UiComponent\DataProvider\SearchResult">
        <arguments>
            <argument name="mainTable" xsi:type="string">magwais_supplier_contact_profiles</argument>
            <argument name="resourceModel" xsi:type="string">Synapse\Carrental\Model\ResourceModel\Warehousecontacts</argument>
        </arguments>
    </virtualType>
	
	
	<type name="Magento\Framework\View\Element\UiComponent\DataProvider\CollectionFactory">
        <arguments>
            <argument name="collections" xsi:type="array">
                 <item name="carrental_billingprofile_listing_data_source" xsi:type="string">Synapse\Carrental\Model\ResourceModel\Warehousebillingprofiles\Grid\Collection</item>
            </argument>
        </arguments>
    </type>
	<virtualType name="Synapse\Carrental\Model\ResourceModel\Warehousebillingprofiles\Grid\Collection" type="Magento\Framework\View\Element\UiComponent\DataProvider\SearchResult">
        <arguments>
            <argument name="mainTable" xsi:type="string">magwais_supplier_billing_profiles</argument>
            <argument name="resourceModel" xsi:type="string">Synapse\Carrental\Model\ResourceModel\Warehousebillingprofiles</argument>
        </arguments>
    </virtualType>
	 
	 
	<type name="Magento\Framework\View\Element\UiComponent\DataProvider\CollectionFactory">
        <arguments>
            <argument name="collections" xsi:type="array">
                 <item name="carrental_warehouse_listing_data_source" xsi:type="string">Synapse\Carrental\Model\ResourceModel\Warehouseinfo\Grid\Collection</item>
            </argument>
        </arguments>
    </type>
	<virtualType name="Synapse\Carrental\Model\ResourceModel\Warehouseinfo\Grid\Collection" type="Magento\Framework\View\Element\UiComponent\DataProvider\SearchResult">
        <arguments>
            <argument name="mainTable" xsi:type="string">wais_warehouse_info</argument>
            <argument name="resourceModel" xsi:type="string">Synapse\Carrental\Model\ResourceModel\Warehouseinfo</argument>
        </arguments>
    </virtualType>
	 
	<type name="Magento\Framework\View\Element\UiComponent\DataProvider\CollectionFactory">
        <arguments>
            <argument name="collections" xsi:type="array">
                 <item name="carrental_holidays_listing_data_source" xsi:type="string">Synapse\Carrental\Model\ResourceModel\Holidays\Grid\Collection</item>
            </argument>
        </arguments>
    </type>
	<virtualType name="Synapse\Carrental\Model\ResourceModel\Holidays\Grid\Collection" type="Magento\Framework\View\Element\UiComponent\DataProvider\SearchResult">
        <arguments>
            <argument name="mainTable" xsi:type="string">magwais_holidays</argument>
            <argument name="resourceModel" xsi:type="string">Synapse\Carrental\Model\ResourceModel\Holidays</argument>
        </arguments>
    </virtualType>
	
	
	<type name="Magento\Framework\View\Element\UiComponent\DataProvider\CollectionFactory">
        <arguments>
            <argument name="collections" xsi:type="array">
                 <item name="carrental_ratecode_listing_data_source" xsi:type="string">Synapse\Carrental\Model\ResourceModel\RateCode\Grid\Collection</item>
            </argument>
        </arguments>
    </type>
	<virtualType name="Synapse\Carrental\Model\ResourceModel\RateCode\Grid\Collection" type="Magento\Framework\View\Element\UiComponent\DataProvider\SearchResult">
        <arguments>
            <argument name="mainTable" xsi:type="string">magwais_ratecode</argument>
            <argument name="resourceModel" xsi:type="string">Synapse\Carrental\Model\ResourceModel\RateCode</argument>
        </arguments>
    </virtualType>
	
	
	
	<type name="Magento\Framework\View\Element\UiComponent\DataProvider\CollectionFactory">
        <arguments>
            <argument name="collections" xsi:type="array">
                 <item name="carrental_fleet_listing_data_source" xsi:type="string">Synapse\Carrental\Model\ResourceModel\Fleet\Grid\Collection</item>
            </argument>
        </arguments>
    </type>
	<!--virtualType name="Synapse\Carrental\Model\ResourceModel\Fleet\Grid\Collection" type="Magento\Framework\View\Element\UiComponent\DataProvider\SearchResult">
        <arguments>
            <argument name="mainTable" xsi:type="string">magwais_fleet</argument>
            <argument name="resourceModel" xsi:type="string">Synapse\Carrental\Model\ResourceModel\Fleet</argument>
        </arguments>
    </virtualType-->
	
	<type name="Synapse\Carrental\Model\ResourceModel\Fleet\Grid\Collection">
    <arguments>
        <argument name="mainTable" xsi:type="string">magwais_fleet</argument>
        <argument name="eventPrefix" xsi:type="string">synapse_carrental_grid_collection</argument>
        <argument name="eventObject" xsi:type="string">carrental_grid_collection</argument>
        <argument name="resourceModel" xsi:type="string">Synapse\Carrental\Model\ResourceModel\Fleet</argument>
    </arguments>
	</type>
	
	
	
	
	
	
	
	
	<type name="Magento\Framework\View\Element\UiComponent\DataProvider\CollectionFactory">
        <arguments>
            <argument name="collections" xsi:type="array">
                 <item name="carrental_carmodel_listing_data_source" xsi:type="string">Synapse\Carrental\Model\ResourceModel\CarModel\Grid\Collection</item>
            </argument>
        </arguments>
    </type>
	<type name="Synapse\Carrental\Model\ResourceModel\CarModel\Grid\Collection">
    <arguments>
        <argument name="mainTable" xsi:type="string">magwais_carmodel</argument>
        <argument name="eventPrefix" xsi:type="string">synapse_carrental_grid_collection</argument>
        <argument name="eventObject" xsi:type="string">carrental_grid_collection</argument>
        <argument name="resourceModel" xsi:type="string">Synapse\Carrental\Model\ResourceModel\CarModel</argument>
    </arguments>
	</type>
	
	
	<type name="Magento\Framework\View\Element\UiComponent\DataProvider\CollectionFactory">
        <arguments>
            <argument name="collections" xsi:type="array">
                 <item name="carrental_vanmodel_listing_data_source" xsi:type="string">Synapse\Carrental\Model\ResourceModel\CarModel\Grid\Collection</item>
            </argument>
        </arguments>
    </type>
	<type name="Magento\Framework\View\Element\UiComponent\DataProvider\CollectionFactory">
        <arguments>
            <argument name="collections" xsi:type="array">
                 <item name="carrental_fleet_addlisting_data_source" xsi:type="string">Synapse\Carrental\Model\ResourceModel\CarModel\Grid\Collection</item>
            </argument>
        </arguments>
    </type>
	<!--type name="Synapse\Carrental\Model\ResourceModel\CarModel\Grid\Collection">
    <arguments>
        <argument name="mainTable" xsi:type="string">magwais_carmodel</argument>
        <argument name="eventPrefix" xsi:type="string">synapse_carrental_grid_collection</argument>
        <argument name="eventObject" xsi:type="string">carrental_grid_collection</argument>
        <argument name="resourceModel" xsi:type="string">Synapse\Carrental\Model\ResourceModel\CarModel</argument>
    </arguments>
	</type-->
	
</config>