<?xml version="1.0"?>
<!--
/**
* Copyright 2016 aheadWorks. All rights reserved.
* See LICENSE.txt for license details.
*/
-->

<config xmlns:xsi="http://www.w3.org/2001/XMLSchema-instance" xsi:noNamespaceSchemaLocation="urn:magento:framework:ObjectManager/etc/config.xsd">
    <type name="Magento\Framework\Url\SecurityInfo">
        <arguments>
            <argument name="secureUrlList" xsi:type="array">
                <item name="aw_rma_customer" xsi:type="string">/aw_rma/customer/</item>
            </argument>
        </arguments>
    </type>
</config>
