<?xml version="1.0"?>
<!--
/**
/**
 * Copyright Â© 2015 Magenest. All rights reserved.
 * See COPYING.txt for license details.
 */
-->
<config xmlns:xsi="http://www.w3.org/2001/XMLSchema-instance" xsi:noNamespaceSchemaLocation="urn:magento:module:Magento_Backend:etc/menu.xsd">
    <menu>
		<add id="Synapse_Carrental::carrental_booking" title="Booking System" module="Synapse_Carrental" sortOrder="60" resource="Synapse_Carrental::carrental_booking"/>	
		<add id="Synapse_Carrental::suppliers" title="Suppliers" module="Synapse_Carrental" sortOrder="10" parent="Synapse_Carrental::carrental_booking" action="carrental/supplier/index" resource="Synapse_Carrental::suppliers"/>
		<add id="Synapse_Carrental::warehouse" title="Warehouse" module="Synapse_Carrental" sortOrder="20" parent="Synapse_Carrental::suppliers" action="carrental/warehouse/index" resource="Synapse_Carrental::warehouse"/>
        <add id="Synapse_Carrental::ratecode" title="Ratecode" module="Synapse_Carrental" sortOrder="30" parent="Synapse_Carrental::warehouse" action="carrental/ratecode/index" resource="Synapse_Carrental::ratecode"/>
		<add id="Synapse_Carrental::holidays" title="Holidays" module="Synapse_Carrental" sortOrder="40" parent="Synapse_Carrental::ratecode" action="carrental/holidays/index" resource="Synapse_Carrental::holidays"/>
		<add id="Synapse_Carrental::carmodel" title="Carmodels(Passenger Vehicle)" module="Synapse_Carrental" sortOrder="50" parent="Synapse_Carrental::holidays" action="carrental/carmodel/index" resource="Synapse_Carrental::carmodel"/>
		<add id="Synapse_Carrental::vanmodel" title="Carmodels(commercial  Vehicle)" module="Synapse_Carrental" sortOrder="60" parent="Synapse_Carrental::carmodel" action="carrental/vanmodel/index" resource="Synapse_Carrental::carmodel"/>
		<add id="Synapse_Carrental::supplierfleetlist" title="Supplier Fleets" module="Synapse_Carrental" sortOrder="70" parent="Synapse_Carrental::vanmodel" action="carrental/fleet/index" resource="Synapse_Carrental::supplierfleetlist"/>
		<add id="Synapse_Carrental::terms_conditions" title="Terms Conditions" module="Synapse_Carrental" sortOrder="80" parent="Synapse_Carrental::supplierfleetlist" action="carrental/termsconditions/index" resource="Synapse_Carrental::terms_conditions"/>
		<add id="Synapse_Carrental::carmodelprice" title="Carmodels(Prices)" module="Synapse_Carrental" sortOrder="90" parent="Synapse_Carrental::terms_conditions" action="carrental/carmodel/modelprices" resource="Synapse_Carrental::carmodelprice"/>
		<add id="Synapse_Carrental::cities" title="Manage Cities" module="Synapse_Carrental" sortOrder="100" parent="Synapse_Carrental::carmodelprice" action="carrental/city/index" resource="Synapse_Carrental::carmodelprice"/>
		<add id="Synapse_Carrental::location" title="Manage Location" module="Synapse_Carrental" sortOrder="110" parent="Synapse_Carrental::cities" action="carrental/location/index" resource="Synapse_Carrental::carmodelprice"/>
		<add id="Synapse_Carrental::mileagepolicy" title="Mileage Policy" module="Synapse_Carrental" sortOrder="120" parent="Synapse_Carrental::location" action="carrental/mileagepolicy/index" resource="Synapse_Carrental::mileagepolicy"/>
		<add id="Synapse_Carrental::fuelpolicy" title="Fuel Policy" module="Synapse_Carrental" sortOrder="130" parent="Synapse_Carrental::mileagepolicy" action="carrental/fuelpolicy/index" resource="Synapse_Carrental::fuelpolicy"/>
    </menu>
</config>