<?xml version="1.0"?>
<!--
/**
 * Copyright © 2015 Magenest. All rights reserved.
 * See COPYING.txt for license details.
 */
-->
<config xmlns:xsi="http://www.w3.org/2001/XMLSchema-instance" xsi:noNamespaceSchemaLocation="../../../Config/etc/system_file.xsd">
    <system>
        <tab id="synapse" translate="label" sortOrder="200">
            <label>synapse Car rental</label>
        </tab>
        <section id="carrental_booking" translate="label" type="text" sortOrder="30" showInDefault="1" showInWebsite="1" showInStore="1">
            <class>separator-top</class>
            <label>Rental And Booking System</label>
            <tab>synapse</tab>
            <resource>Synapse_Carrental::config_rental</resource>
            <group id="general_config" translate="label" type="text" sortOrder="80" showInDefault="1" showInWebsite="1" showInStore="1">
                <label>General</label>
                <!--field id="pattern_code" translate="label comment" type="text" sortOrder="10" showInDefault="1" showInWebsite="1" showInStore="1">
                    <label>Pattern To Generate Code</label>
                    <tooltip><![CDATA[Pattern when generate code</br>
                    <ol><li>[A2] : Random 2 characters</li>
                    <li>[N3] : Random 3 numbers</li>
                    <li>Magenest : Fixed characters</li>
                    </ol>
                    Example:
                    <ol><li>[A2][N1]Magenest[N3][A2] => Ah3Magenest368ot</li>
                    <li>[N2][A2]ecommerce[N1][A2] => 54Phecommerce2mA</li>
                    </ol>
                    ]]></tooltip>
                </field-->
                <field id="google_api_key" translate="label comment" type="text" sortOrder="20" showInDefault="1" showInWebsite="0" showInStore="0">
                    <label>Google API Keys</label>
                    <tooltip><![CDATA[Enter key can show map of event in frontend. Default key:</br> AIzaSyCpi0fGkOSmkv1u_02poRTMB480GlscrwY]]></tooltip>
                </field>
            </group>
            <group id="booking_config" translate="label" type="text" sortOrder="90" showInDefault="1" showInWebsite="1" showInStore="1">
                <label>Booking Config</label>
                <field id="max_book_qty" translate="label comment" type="text" sortOrder="20" showInDefault="1" showInWebsite="0" showInStore="0">
                    <label>Maximum quantity of vehicle will be booked in 1 transaction </label>
                    <tooltip><![CDATA[Maximum quantity of vehicle will be booked in 1 transaction</br>
                    <ol>
                    <li>0 for disable</li>
                    <li>2 means customer can book 2 vehicles at the same time </li>
                    </ol>
                    ]]></tooltip>
                </field>
            </group>
        </section>
    </system>
</config>
