<?xml version="1.0"?>
<!--
NOTICE OF LICENSE

This source file is subject to the NekloEULA that is bundled with this package in the file ICENSE.txt.

It is also available through the world-wide-web at this URL: http://store.neklo.com/LICENSE.txt

Copyright (c)  Neklo (http://store.neklo.com/)
-->
<config xmlns:xsi="http://www.w3.org/2001/XMLSchema-instance" xsi:noNamespaceSchemaLocation="urn:magento:module:Magento_Config:etc/system_file.xsd">
    <system>
        <section id="neklo_productposition" translate="label" type="text" sortOrder="25" showInDefault="1" showInWebsite="1" showInStore="1">
            <label>Product Position</label>
            <tab>neklo</tab>
            <resource>Neklo_ProductPosition::config</resource>
            <!--group id="general" translate="label" type="text" sortOrder="10" showInDefault="1" showInWebsite="1" showInStore="1">
                <label>General</label>
                <field id="enable" translate="label comment" type="select" sortOrder="15" showInDefault="1" showInWebsite="1" showInStore="1">
                    <label>Enable extension</label>
                    <source_model>Magento\Config\Model\Config\Source\Yesno</source_model>
                </field>
            </group-->
            <group id="grid" translate="label" type="text" sortOrder="20" showInDefault="1" showInWebsite="0" showInStore="0">
                <label>Grid Settings</label>
                <field id="column_count" translate="label comment" type="text" sortOrder="10" showInDefault="1" showInWebsite="0" showInStore="0">
                    <label>Column Count</label>
                </field>
                <field id="row_count" translate="label comment" type="text" sortOrder="20" showInDefault="1" showInWebsite="0" showInStore="0">
                    <label>Rows per Page</label>
                </field>
                <field id="hide_disabled" translate="label comment" type="select" sortOrder="30" showInDefault="1" showInWebsite="0" showInStore="0">
                    <label>Hide Disabled Products</label>
                    <source_model>Magento\Config\Model\Config\Source\Yesno</source_model>
                </field>
                <field id="hide_oos" translate="label comment" type="select" sortOrder="40" showInDefault="1" showInWebsite="0" showInStore="0">
                    <label>Hide Out-Of-Stock Products</label>
                    <source_model>Magento\Config\Model\Config\Source\Yesno</source_model>
                </field>
            </group>
        </section>
    </system>
</config>