<?xml version="1.0"?>
<config xmlns:xsi="http://www.w3.org/2001/XMLSchema-instance" xsi:noNamespaceSchemaLocation="urn:magento:framework:ObjectManager/etc/config.xsd">
    <preference for="Magento\Customer\Controller\Account\CreatePost"
                type="Synapse\Carrental\Controller\Customer\Account\CreatePost" />
				
    <type name="Magento\Customer\Controller\Account\LoginPost">
        <plugin name="SynapseCarrental::around" type="Synapse\Carrental\Plugin\Customer\Controller\Account\LoginPost" />
    </type>
	
	
	<!-- SUPPLIER INFO START -->
    <type name="Magento\Framework\View\Element\UiComponent\DataProvider\CollectionFactory">
        <arguments>
            <argument name="collections" xsi:type="array">
                 <item name="carrental_supplier_listing_data_source" xsi:type="string">Synapse\Carrental\Model\ResourceModel\Supplierinfo\Grid\Collection</item>
            </argument>
        </arguments>
    </type>
    <type name="Synapse\Carrental\Model\ResourceModel\Supplierinfo\Grid\Collection">
    <arguments>
        <argument name="mainTable" xsi:type="string">wais_supplier_info</argument>
        <argument name="eventPrefix" xsi:type="string">synapse_carrental_supplierinfo_grid_collection</argument>
        <argument name="eventObject" xsi:type="string">carrental_supplierinfo_grid_collection</argument>
        <argument name="resourceModel" xsi:type="string">Synapse\Carrental\Model\ResourceModel\Supplierinfo</argument>
    </arguments>
    </type>
	<!-- SUPPLIER INFO END -->
	<!-- WAREHOUSETIMINGS START -->
    <type name="Magento\Framework\View\Element\UiComponent\DataProvider\CollectionFactory">
        <arguments>
            <argument name="collections" xsi:type="array">
                 <item name="carrental_timings_list_data_source" xsi:type="string">Synapse\Carrental\Model\ResourceModel\Warehousetimings\Grid\Collection</item>
            </argument>
        </arguments>
    </type>
	<type name="Synapse\Carrental\Model\ResourceModel\Warehousetimings\Grid\Collection">
    <arguments>
        <argument name="mainTable" xsi:type="string">magwais_warehouse_timings</argument>
        <argument name="eventPrefix" xsi:type="string">synapse_carrental_grid_collection</argument>
        <argument name="eventObject" xsi:type="string">carrental_grid_collection</argument>
        <argument name="resourceModel" xsi:type="string">Synapse\Carrental\Model\ResourceModel\Warehousetimings</argument>
    </arguments>
	</type>
 <!-- WAREHOUSETIMINGS END -->
 	<!-- Warehouseexceededtimings START -->
	<type name="Magento\Framework\View\Element\UiComponent\DataProvider\CollectionFactory">
        <arguments>
            <argument name="collections" xsi:type="array">
                 <item name="carrental_vehicle_listing_data_source" xsi:type="string">Synapse\Carrental\Model\ResourceModel\Warehouseexceededtimings\Grid\Collection</item>
            </argument>
        </arguments>
    </type>
	<virtualType name="Synapse\Carrental\Model\ResourceModel\Warehouseexceededtimings\Grid\Collection" type="Magento\Framework\View\Element\UiComponent\DataProvider\SearchResult">
        <arguments>
            <argument name="mainTable" xsi:type="string">magwais_warehouse_exceeded_timings</argument>
            <argument name="resourceModel" xsi:type="string">Synapse\Carrental\Model\ResourceModel\Warehouseexceededtimings</argument>
        </arguments>
    </virtualType>
	<!-- Warehouseexceededtimings END -->
	<!-- Warehousecontacts START -->
    <type name="Magento\Framework\View\Element\UiComponent\DataProvider\CollectionFactory">
        <arguments>
            <argument name="collections" xsi:type="array">
                 <item name="carrental_contacts_listing_data_source" xsi:type="string">Synapse\Carrental\Model\ResourceModel\Warehousecontacts\Grid\Collection</item>
            </argument>
        </arguments>
    </type>
	<virtualType name="Synapse\Carrental\Model\ResourceModel\Warehousecontacts\Grid\Collection" type="Magento\Framework\View\Element\UiComponent\DataProvider\SearchResult">
        <arguments>
            <argument name="mainTable" xsi:type="string">magwais_supplier_contact_profiles</argument>
            <argument name="resourceModel" xsi:type="string">Synapse\Carrental\Model\ResourceModel\Warehousecontacts</argument>
        </arguments>
    </virtualType>
	<!-- Warehousecontacts END -->
	<!-- Warehousebillingprofiles START -->
	<type name="Magento\Framework\View\Element\UiComponent\DataProvider\CollectionFactory">
        <arguments>
            <argument name="collections" xsi:type="array">
                 <item name="carrental_billingprofile_listing_data_source" xsi:type="string">Synapse\Carrental\Model\ResourceModel\Warehousebillingprofiles\Grid\Collection</item>
            </argument>
        </arguments>
    </type>
	<virtualType name="Synapse\Carrental\Model\ResourceModel\Warehousebillingprofiles\Grid\Collection" type="Magento\Framework\View\Element\UiComponent\DataProvider\SearchResult">
        <arguments>
            <argument name="mainTable" xsi:type="string">wais_supplier_billing_profiles</argument>
            <argument name="resourceModel" xsi:type="string">Synapse\Carrental\Model\ResourceModel\Warehousebillingprofiles</argument>
        </arguments>
    </virtualType>
	<!-- Warehousebillingprofiles END -->
	 <!-- Warehouseinfo START -->
	<type name="Magento\Framework\View\Element\UiComponent\DataProvider\CollectionFactory">
        <arguments>
            <argument name="collections" xsi:type="array">
                 <item name="carrental_warehouse_listing_data_source" xsi:type="string">Synapse\Carrental\Model\ResourceModel\Warehouseinfo\Grid\Collection</item>
            </argument>
        </arguments>
    </type>
	
	<type name="Magento\Framework\View\Element\UiComponent\DataProvider\CollectionFactory">
        <arguments>
            <argument name="collections" xsi:type="array">
                 <item name="carrental_warehouse_billing_data_source" xsi:type="string">Synapse\Carrental\Model\ResourceModel\Warehousebillingprofiles\Grid\Collection</item>
            </argument>
        </arguments>
    </type>
	
	<virtualType name="Synapse\Carrental\Model\ResourceModel\Warehouseinfo\Grid\Collection" type="Magento\Framework\View\Element\UiComponent\DataProvider\SearchResult">
        <arguments>
            <argument name="mainTable" xsi:type="string">wais_warehouse_info</argument>
            <argument name="resourceModel" xsi:type="string">Synapse\Carrental\Model\ResourceModel\Warehouseinfo</argument>
        </arguments>
    </virtualType>
	<!-- Warehouseinfo END -->
	<!-- Holidays START -->
	<type name="Magento\Framework\View\Element\UiComponent\DataProvider\CollectionFactory">
        <arguments>
            <argument name="collections" xsi:type="array">
                 <item name="carrental_holidays_listing_data_source" xsi:type="string">Synapse\Carrental\Model\ResourceModel\Holidays\Grid\Collection</item>
            </argument>
        </arguments>
    </type>
	<virtualType name="Synapse\Carrental\Model\ResourceModel\Holidays\Grid\Collection" type="Magento\Framework\View\Element\UiComponent\DataProvider\SearchResult">
        <arguments>
            <argument name="mainTable" xsi:type="string">magwais_holidays</argument>
            <argument name="resourceModel" xsi:type="string">Synapse\Carrental\Model\ResourceModel\Holidays</argument>
        </arguments>
    </virtualType>
	<!-- Holidays END -->
	<!-- RateCode START -->
	<type name="Magento\Framework\View\Element\UiComponent\DataProvider\CollectionFactory">
        <arguments>
            <argument name="collections" xsi:type="array">
                 <item name="carrental_ratecode_listing_data_source" xsi:type="string">Synapse\Carrental\Model\ResourceModel\RateCode\Grid\Collection</item>
            </argument>
        </arguments>
    </type>
	<type name="Synapse\Carrental\Model\ResourceModel\RateCode\Grid\Collection">
		<arguments>
			<argument name="mainTable" xsi:type="string">wais_ratecode</argument>
			<argument name="eventPrefix" xsi:type="string">synapse_carrental_grid_collection</argument>
			<argument name="eventObject" xsi:type="string">carrental_grid_collection</argument>
			<argument name="resourceModel" xsi:type="string">Synapse\Carrental\Model\ResourceModel\RateCode</argument>
		</arguments>
	</type>
	<!-- RateCode END -->
	<!-- Tersms and conditions START -->
	<type name="Magento\Framework\View\Element\UiComponent\DataProvider\CollectionFactory">
        <arguments>
            <argument name="collections" xsi:type="array">
                 <item name="carrental_terms_conditions_listing_data_source" xsi:type="string">Synapse\Carrental\Model\ResourceModel\TermsConditions\Grid\Collection</item>
            </argument>
        </arguments>
    </type>
	<type name="Synapse\Carrental\Model\ResourceModel\TermsConditions\Grid\Collection">
		<arguments>
			<argument name="mainTable" xsi:type="string">magwais_terms_conditions</argument>
			<argument name="eventPrefix" xsi:type="string">synapse_carrental_grid_collection</argument>
			<argument name="eventObject" xsi:type="string">carrental_grid_collection</argument>
			<argument name="resourceModel" xsi:type="string">Synapse\Carrental\Model\ResourceModel\TermsConditions</argument>
		</arguments>
	</type>
	<!-- Tersms and conditions END -->
	
	<!-- Tersms and conditions Caption START -->
	<type name="Magento\Framework\View\Element\UiComponent\DataProvider\CollectionFactory">
        <arguments>
            <argument name="collections" xsi:type="array">
                 <item name="carrental_captions_listing_data_source" xsi:type="string">Synapse\Carrental\Model\ResourceModel\Captions\Grid\Collection</item>
            </argument>
        </arguments>
    </type>
	<type name="Synapse\Carrental\Model\ResourceModel\Captions\Grid\Collection">
		<arguments>
			<argument name="mainTable" xsi:type="string">magwais_terms_conditions_captions</argument>
			<argument name="eventPrefix" xsi:type="string">synapse_carrental_grid_collection</argument>
			<argument name="eventObject" xsi:type="string">carrental_grid_collection</argument>
			<argument name="resourceModel" xsi:type="string">Synapse\Carrental\Model\ResourceModel\Captions</argument>
		</arguments>
	</type>
	<!-- Tersms and conditions Caption END -->
	<!-- Tersms and conditions sub Caption START -->
	<type name="Magento\Framework\View\Element\UiComponent\DataProvider\CollectionFactory">
        <arguments>
            <argument name="collections" xsi:type="array">
                 <item name="carrental_subcaption_listing_data_source" xsi:type="string">Synapse\Carrental\Model\ResourceModel\TermsConditionsCategory\Grid\Collection</item>
            </argument>
        </arguments>
    </type>
	<type name="Synapse\Carrental\Model\ResourceModel\TermsConditionsCategory\Grid\Collection">
		<arguments>
			<argument name="mainTable" xsi:type="string">magwais_terms_conditions_category</argument>
			<argument name="eventPrefix" xsi:type="string">synapse_carrental_grid_collection</argument>
			<argument name="eventObject" xsi:type="string">carrental_grid_collection</argument>
			<argument name="resourceModel" xsi:type="string">Synapse\Carrental\Model\ResourceModel\TermsConditionsCategory</argument>
		</arguments>
	</type>
	<!-- Tersms and conditions sub Caption End -->
	
	<!-- Pricelist START -->
		<type name="Magento\Framework\View\Element\UiComponent\DataProvider\CollectionFactory">
			<arguments>
				<argument name="collections" xsi:type="array">
					 <item name="carrental_pricerate_listing_data_source" xsi:type="string">Synapse\Carrental\Model\ResourceModel\Vehiclepricelist\Grid\Collection</item>
				</argument>
			</arguments>
		</type>
		<type name="Synapse\Carrental\Model\ResourceModel\Vehiclepricelist\Grid\Collection">
			<arguments>
				<argument name="mainTable" xsi:type="string">wais_vehicle_price_list</argument>
				<argument name="eventPrefix" xsi:type="string">synapse_carrental_grid_collection</argument>
				<argument name="eventObject" xsi:type="string">synapse_carrental_grid_collection</argument>
				<argument name="resourceModel" xsi:type="string">Synapse\Carrental\Model\ResourceModel\Vehiclepricelist</argument>
			</arguments>
		</type>
		 
		 
		 
	<!-- Pricelist END -->
	
	<!-- SesonPriceView START -->
		<type name="Magento\Framework\View\Element\UiComponent\DataProvider\CollectionFactory">
			<arguments>
				<argument name="collections" xsi:type="array">
					 <item name="carrental_carmodelprices_listing_data_source" xsi:type="string">Synapse\Carrental\Model\ResourceModel\Vehicleseasonalprice\Grid\Collection</item>
				</argument>
			</arguments>
		</type>
		<type name="Synapse\Carrental\Model\ResourceModel\Vehicleseasonalprice\Grid\Collection">
			<arguments>
				<argument name="mainTable" xsi:type="string">magwais_supplier_season_pricelist</argument>
				<argument name="eventPrefix" xsi:type="string">synapse_carrental_grid_collection</argument>
				<argument name="eventObject" xsi:type="string">synapse_carrental_grid_collection</argument>
				<argument name="resourceModel" xsi:type="string">Synapse\Carrental\Model\ResourceModel\Vehicleseasonalprice</argument>
			</arguments>
		</type>
	<!-- SesonPriceView END -->
	
	
	<type name="Magento\Framework\View\Element\UiComponent\DataProvider\CollectionFactory">
        <arguments>
            <argument name="collections" xsi:type="array">
                 <item name="carrental_fleet_listing_data_source" xsi:type="string">Synapse\Carrental\Model\ResourceModel\Fleet\Grid\Collection</item>
            </argument>
        </arguments>
    </type>
	
	<type name="Magento\Framework\View\Element\UiComponent\DataProvider\CollectionFactory">
        <arguments>
            <argument name="collections" xsi:type="array">
                 <item name="carrental_fleet_view_data_source" xsi:type="string">Synapse\Carrental\Model\ResourceModel\Fleetcarmodels\Grid\Collection</item>
            </argument>
        </arguments>
    </type>
	<type name="Synapse\Carrental\Model\ResourceModel\Fleetcarmodels\Grid\Collection">
    <arguments>
        <argument name="mainTable" xsi:type="string">magwais_fleetcarmodels</argument>
        <argument name="eventPrefix" xsi:type="string">synapse_carrental_grid_collection</argument>
        <argument name="eventObject" xsi:type="string">carrental_grid_collection</argument>
        <argument name="resourceModel" xsi:type="string">Synapse\Carrental\Model\ResourceModel\Fleetcarmodels</argument>
    </arguments>
	</type>
	
	
	
	
	<type name="Synapse\Carrental\Model\ResourceModel\Fleet\Grid\Collection">
    <arguments>
        <argument name="mainTable" xsi:type="string">magwais_fleet</argument>
        <argument name="eventPrefix" xsi:type="string">synapse_carrental_grid_collection</argument>
        <argument name="eventObject" xsi:type="string">carrental_grid_collection</argument>
        <argument name="resourceModel" xsi:type="string">Synapse\Carrental\Model\ResourceModel\Fleet</argument>
    </arguments>
	</type>
	
	
	
	
	
	
	
	<!--  Car vehicle Collection  -->
	<type name="Magento\Framework\View\Element\UiComponent\DataProvider\CollectionFactory">
        <arguments>
            <argument name="collections" xsi:type="array">
                 <item name="carrental_carmodel_listing_data_source" xsi:type="string">Synapse\Carrental\Model\ResourceModel\CarModel\Grid\Collection</item>
            </argument>
        </arguments>
    </type>
	<type name="Synapse\Carrental\Model\ResourceModel\CarModel\Grid\Collection">
    <arguments>
        <argument name="mainTable" xsi:type="string">magwais_carmodel</argument>
        <argument name="eventPrefix" xsi:type="string">synapse_carrental_grid_collection</argument>
        <argument name="eventObject" xsi:type="string">carrental_grid_collection</argument>
        <argument name="resourceModel" xsi:type="string">Synapse\Carrental\Model\ResourceModel\CarModel</argument>
    </arguments>
	</type>
	<!--  Car vehicle Collection  -->
	
	<!--  Van vehicle Collection  -->
	<type name="Magento\Framework\View\Element\UiComponent\DataProvider\CollectionFactory">
        <arguments>
            <argument name="collections" xsi:type="array">
                 <item name="carrental_vanmodel_listing_data_source" xsi:type="string">Synapse\Carrental\Model\ResourceModel\CarModel\Grid\Collection</item>
            </argument>
        </arguments>
    </type>
	<type name="Magento\Framework\View\Element\UiComponent\DataProvider\CollectionFactory">
        <arguments>
            <argument name="collections" xsi:type="array">
                 <item name="carrental_fleet_addlisting_data_source" xsi:type="string">Synapse\Carrental\Model\ResourceModel\CarModel\Grid\Collection</item>
            </argument>
        </arguments>
    </type>
	<!--  Van vehicle Collection  -->
	
	<!--  Vehicle Directory Collection with JOIN  -->
	<type name="Magento\Framework\View\Element\UiComponent\DataProvider\CollectionFactory">
        <arguments>
            <argument name="collections" xsi:type="array">
                 <item name="carrental_vdirectory_listing_data_source" xsi:type="string">Synapse\Carrental\Model\ResourceModel\VehicleDirectory\Grid\Collection</item>
            </argument>
        </arguments>
    </type>
	<type name="Synapse\Carrental\Model\ResourceModel\VehicleDirectory\Grid\Collection">
    <arguments>
        <argument name="mainTable" xsi:type="string">magwaissupplier_vehicle_direrctory</argument>
        <argument name="eventPrefix" xsi:type="string">synapse_carrental_grid_collection</argument>
        <argument name="eventObject" xsi:type="string">carrental_grid_collection</argument>
        <argument name="resourceModel" xsi:type="string">Synapse\Carrental\Model\ResourceModel\VehicleDirectory</argument>
    </arguments>
	</type>
	<!--  Vehicle Directory Collection with JOIN  -->
	
	<!--  Vehicle Directory CarModel with JOIN  -->
	<type name="Magento\Framework\View\Element\UiComponent\DataProvider\CollectionFactory">
        <arguments>
            <argument name="collections" xsi:type="array">
                 <item name="carrental_vdirectory_add_data_source" xsi:type="string">Synapse\Carrental\Model\ResourceModel\CarModel\Grid\Collection</item>
            </argument>
        </arguments>
    </type>
	 <type name="Magento\Framework\View\Element\UiComponent\DataProvider\CollectionFactory">
        <arguments>
            <argument name="collections" xsi:type="array">
                 <item name="carrental_vdirectory_slidelisting_data_source" xsi:type="string">Synapse\Carrental\Model\ResourceModel\VehicleDirectory\Grid\Collection</item>
            </argument>
        </arguments>
    </type>
	 
	 <!--  Vehicle Directory CarModel with JOIN  -->
	 
	
	<!-- City with JOIN  -->
	<type name="Magento\Framework\View\Element\UiComponent\DataProvider\CollectionFactory">
        <arguments>
            <argument name="collections" xsi:type="array">
                 <item name="carrental_city_listing_data_source" xsi:type="string">Synapse\Carrental\Model\ResourceModel\City\Grid\Collection</item>
            </argument>
        </arguments>
    </type>
	<type name="Synapse\Carrental\Model\ResourceModel\City\Grid\Collection">
    <arguments>
        <argument name="mainTable" xsi:type="string">directory_country_region_city</argument>
        <argument name="eventPrefix" xsi:type="string">synapse_carrental_grid_collection</argument>
        <argument name="eventObject" xsi:type="string">carrental_grid_collection</argument>
        <argument name="resourceModel" xsi:type="string">Synapse\Carrental\Model\ResourceModel\City</argument>
    </arguments>
	</type>
	 
	 <!--  City with JOIN  -->
	
	<!-- Location with JOIN  -->
	<type name="Magento\Framework\View\Element\UiComponent\DataProvider\CollectionFactory">
        <arguments>
            <argument name="collections" xsi:type="array">
                 <item name="carrental_location_listing_data_source" xsi:type="string">Synapse\Carrental\Model\ResourceModel\Location\Grid\Collection</item>
            </argument>
        </arguments>
    </type>
	<type name="Synapse\Carrental\Model\ResourceModel\Location\Grid\Collection">
    <arguments>
        <argument name="mainTable" xsi:type="string">directory_city_loctions</argument>
        <argument name="eventPrefix" xsi:type="string">synapse_carrental_grid_collection</argument>
        <argument name="eventObject" xsi:type="string">carrental_grid_collection</argument>
        <argument name="resourceModel" xsi:type="string">Synapse\Carrental\Model\ResourceModel\Location</argument>
    </arguments>
	</type>
	 
	 <!--  Location with JOIN  -->
	
	
	
	 
	 
	<!-- Plugin to prevent product to cart if item has item in cart -->
	<type name="Magento\Checkout\Model\Cart">
		<plugin name="carrentailAddingProductToCart" type="Synapse\Carrental\Plugin\Model\Checkout\Cart\Plugin" sortOrder="1" disabled="false"/>
	</type>
</config>