<?xml version="1.0"?>
<config xmlns:xsi="http://www.w3.org/2001/XMLSchema-instance" xsi:noNamespaceSchemaLocation="urn:magento:framework:Event/etc/events.xsd">
    <event name="customer_register_success">
        <observer name="carrental_customer_register_success" instance="Synapse\Carrental\Observer\Customer\Updategroup" />
    </event>
     <event name="controller_action_predispatch">
        <observer name="check_supplier_approval" instance="Synapse\Carrental\Observer\Customer\CheckSupplierApproval" />
    </event>
	 <event name="mass_event_vehicle_directory">
        <observer name="carrental_mass_event_vehicle_directory" instance="Synapse\Carrental\Observer\Vdirectory\MassTemplate" />
    </event>
	 <event name="mass_event_warehouse_delete">
        <observer name="carrental_mass_event_warehouse" instance="Synapse\Carrental\Observer\Warehouse\MassTemplate" />
    </event>
	<event name="mass_event_timings_delete">
        <observer name="carrental_mass_event_timings" instance="Synapse\Carrental\Observer\Timings\MassTemplate" />
    </event>
	<event name="mass_event_contacts_delete">
        <observer name="carrental_mass_event_contacts" instance="Synapse\Carrental\Observer\Contacts\MassTemplate" />
    </event>
	<event name="mass_event_billingprofile_delete">
        <observer name="carrental_mass_event_billingprofile" instance="Synapse\Carrental\Observer\BillingProfile\MassTemplate" />
    </event>
	<event name="mass_event_fleet">
        <observer name="carrental_mass_event_fleet" instance="Synapse\Carrental\Observer\Fleet\MassTemplate" />
    </event>
	
</config>
